pattern_name,phoenix_faithfulness_score,phoenix_conciseness_score,phoenix_correctness_score,phoenix_document_relevance_score
blackboard,0.7888888888888889,0.6533333333333334,0.6333333333333333,0.3323442136498516
deterministic,0.7777777777777778,0.6311111111111112,0.7155555555555556,0.3641791044776119
hierarchical,0.6966292134831461,0.6764044943820225,0.5876404494382023,0.34421364985163205
planner_executor,0.7888888888888889,0.6533333333333334,0.62,0.34868421052631576
react,0.6111111111111112,0.6822222222222222,0.5988888888888889,0.36363636363636365
router_specialist,0.8111111111111111,0.6444444444444445,0.6633333333333333,0.3575757575757576
